Name,Password,Login,DateOfBirth,Gender,Position
Joao Freitas,Joao1234,Joao.Freitas,19/10/2001,Homem,CEO
Felipe Kureski,Felipe1234,Felipe.Kureski,27/10/2000,Homem,CEO
Joao Ricardo,1234,JoaoRic,19/10/2001,Homem,Manager
Joao Ricardo,1234,JoaoRic,19/10/2001,Homem
Joao Ricardo,1234,JoaoRic,19/10/2001,Homem
Joao Ricardo,1234,JoaoRic,19/10/2001,Homem
Joao Ricardo,1234,JoaoRic,19/10/2001,Homem
Joao Ricardo,1234,JoaoRic,19/10/2001,Homem
Joao Ricardo,1234,JoaoRic,19/10/2001,Homem
Joao Ricardo,1234,JoaoRic,19/10/2001,Homem
Joao Ricardo,1234,JoaoRic,19/10/2001,Homem